{"cameraMode":{"drawMode":0,"name":"Shaded","section":"Shading Mode"},"sceneLighting":true,"audioPlay":false,"sceneViewState":{"m_AlwaysRefresh":false,"showFog":true,"showSkybox":true,"showFlares":true,"showImageEffects":true,"showParticleSystems":true,"showVisualEffectGraphs":true,"m_FxEnabled":true},"in2DMode":false,"pivot":{"x":8.582969665527344,"y":-14.444994926452637,"z":1.2597354650497437},"rotation":{"x":-0.28418055176734927,"y":-0.13861310482025147,"z":0.041555941104888919,"w":-0.9477765560150147},"size":30.124126434326173,"orthographic":false}